{
  "message": {
    "systemProperties": {
      "contentType": "application/json",
      "contentEncoding": "utf-8",
      "iothub-message-source": "deviceMessages",
      "iothub-enqueuedtime": "2017-05-08T18:55:31.8514657Z"
    },
    "appProperties": {
      "processingPath": "<optional>",
      "verbose": "<optional>",
      "severity": "<optional>",
      "testDevice": "<optional>",
      "project": "savannah"
    },
    "body": "{\"Weather\":{\"Temperature\":50, \"project\": \"savannah\"}}"
  }
}
