{
  "_h": {
    "_m": "MC33",
    "_sn": "TC51_16086522502306",
    "_sa": 1535039851056,
    "_rt": 1535039851056,
    "_ip": "155.63.0.254"
  },
  "_b": [
    {
      "_dv": [
        {
          "_t": "battery",
          "_v": {
            "battery_type": 201,
            "battery_health_percentage": 100,
            "battery_present_capacity": 5206,
            "battery_present_charge": 882,
            "battery_time_to_empty": 5782,
            "battery_time_to_full": 65535,
            "battery_level": 8.083919316205979,
            "battery_status": 3,
            "battery_temperature": 220,
            "battery_voltage": 3622,
            "ac_line_status": 0,
            "battery_charge_source": 0,
            "battery_serial_number": "P0610",
            "battery_manufacturing_date": "2018-04-26",
            "battery_partnumber": "BT-000337-01 R.C"
          },
          "_r": 1535039851056
        }
      ],
      "_dn": "DataAnaltyicsDca"
    },
    {
      "_dv": [
        {
          "_t": "device_info",
          "_v": {
            "display_vendor_id": "0",
            "keyboard_type": "5",
            "touch_panel_vendor_id": "0",
            "wlan_radio_name": "8",
            "hardware_revision_number": "0",
            "scan_engine_version_name": "2048",
            "version_incremental": "4",
            "user": "jenksvc",
            "brand": "Zebra",
            "model": "MC33",
            "product": "MC33",
            "device": "MC33",
            "version_sdk": 25,
            "host": "z17sp-gitapp04",
            "display": "01-01-49-NN-00-A",
            "boot_loader": "B01-00200.2-D1",
            "finger_print": "Zebra/MC33/MC33:7.1.2/01-01-49-NN-00-A/1:user/release-keys",
            "tags": "release-keys",
            "manufacturer": "Zebra Technologies",
            "serial_number": "TC51_16086522502306",
            "hardware": "qcom",
            "id": "01-01-49-NN-00-A",
            "board": "msm8952",
            "version_release": "7.1.2",
            "mac": "94:fb:29:29:1f:19",
            "automatic_date_time": true,
            "timezone": "America/New_York",
            "automatic_time_zone": true,
            "cpu_abi0": "arm64-v8a",
            "cpu_abi1": "armeabi-v7a",
            "cpu_abi2": "armeabi",
            "total_disk_size": 3583422464,
            "total_physical_memory": 3808718848,
            "number_of_processors": 6,
            "cfe": "3",
            "cpl": "0",
            "spl": "2017-12-05"
          },
          "_r": 1535039851056
        }
      ],
      "_dn": "DataAnaltyicsDca"
    },
    {
      "_dv": [
        {
          "_t": "battery_events",
          "_r": 1535039851056,
          "_v": {
            "action": "100",
            "battery_level": "15",
            "battery_manufacturing_date": "2018-04-26",
            "battery_partnumber": "BT-000337-01 R.C",
            "battery_serial_number": "P0610"
          }
        }
      ],
      "_dn": "battery_events"
    },
    {
      "_dv": [
        {
          "_t": "flash_stats",
          "_v": { "availablebytes": "9020579840", "totalbytes": "9249509376" },
          "_r": 1535039851056
        },
        {
          "_t": "ram_stats",
          "_v": { "availablebytes": 2563280896, "totalbytes": 3808718848 },
          "_r": 1535039851056
        }
      ],
      "_dn": "DataAnaltyicsDca"
    },
    {
      "_dv": [
        {
          "_t": "flash_health",
          "_r": 1535039851056,
          "_v": {
            "manufacturer": "Hynix",
            "preEOLInfo": "1",
            "lifeTime": "1",
            "extCSDVersion": "8",
            "emmcMode": "PSLC",
            "emmcSize": "16",
            "serialID": "1447466477"
          }
        }
      ],
      "_dn": "flash_health"
    }
  ]
}
